<?xml version="1.0" encoding="UTF-8"?>
<!DOCTYPE mapper PUBLIC "-//mybatis.org//DTD Mapper 3.0//EN" "http://mybatis.org/dtd/mybatis-3-mapper.dtd">
<mapper namespace="com.wb.imall.service.mapper.FriendshipGroupMemberDao">

    <!-- 通用查询映射结果 -->
    <resultMap id="BaseResultMap" type="com.wb.imall.service.entity.FriendshipGroupMemberEntity">
        <result column="id" property="id" />
        <result column="app_id" property="appId" />
        <result column="creation_time" property="creationTime" />
        <result column="update_time" property="updateTime" />
        <result column="is_deleted" property="isDeleted" />
        <result column="version" property="version" />
        <result column="group_id" property="groupId" />
        <result column="to_id" property="toId" />
    </resultMap>

</mapper>
