<?xml version="1.0" encoding="UTF-8"?>
<!DOCTYPE mapper PUBLIC "-//mybatis.org//DTD Mapper 3.0//EN" "http://mybatis.org/dtd/mybatis-3-mapper.dtd">
<mapper namespace="com.wb.imall.service.mapper.GroupMemberDao">

    <!-- 通用查询映射结果 -->
    <resultMap id="BaseResultMap" type="com.wb.imall.service.entity.GroupMemberEntity">
        <result column="id" property="id" />
        <result column="app_id" property="appId" />
        <result column="update_time" property="updateTime" />
        <result column="is_deleted" property="isDeleted" />
        <result column="group_id" property="groupId" />
        <result column="member_id" property="memberId" />
        <result column="role" property="role" />
        <result column="speak_date" property="speakDate" />
        <result column="mute" property="mute" />
        <result column="alias" property="alias" />
        <result column="join_time" property="joinTime" />
        <result column="leave_time" property="leaveTime" />
        <result column="join_type" property="joinType" />
        <result column="extra" property="extra" />
        <result column="create_time" property="createTime" />
    </resultMap>

</mapper>
