<?xml version="1.0" encoding="UTF-8"?>
<!DOCTYPE mapper PUBLIC "-//mybatis.org//DTD Mapper 3.0//EN" "http://mybatis.org/dtd/mybatis-3-mapper.dtd">
<mapper namespace="com.wb.imall.service.mapper.GroupDao">

    <!-- 通用查询映射结果 -->
    <resultMap id="BaseResultMap" type="com.wb.imall.service.entity.GroupEntity">
        <result column="id" property="id" />
        <result column="app_id" property="appId" />
        <result column="update_time" property="updateTime" />
        <result column="is_deleted" property="isDeleted" />
        <result column="owner_id" property="ownerId" />
        <result column="group_type" property="groupType" />
        <result column="group_name" property="groupName" />
        <result column="mute" property="mute" />
        <result column="apply_join_type" property="applyJoinType" />
        <result column="photo" property="photo" />
        <result column="max_member_count" property="maxMemberCount" />
        <result column="introduction" property="introduction" />
        <result column="notification" property="notification" />
        <result column="status" property="status" />
        <result column="sequence" property="sequence" />
        <result column="create_time" property="createTime" />
        <result column="extra" property="extra" />
    </resultMap>

</mapper>
