<?xml version="1.0" encoding="UTF-8"?>
<!DOCTYPE mapper PUBLIC "-//mybatis.org//DTD Mapper 3.0//EN" "http://mybatis.org/dtd/mybatis-3-mapper.dtd">
<mapper namespace="com.wb.imall.service.mapper.FriendshipRequestDao">

    <!-- 通用查询映射结果 -->
    <resultMap id="BaseResultMap" type="com.wb.imall.service.entity.FriendshipRequestEntity">
        <result column="id" property="id" />
        <result column="update_time" property="updateTime" />
        <result column="creation_time" property="creationTime" />
        <result column="is_deleted" property="isDeleted" />
        <result column="version" property="version" />
        <result column="app_id" property="appId" />
        <result column="from_id" property="fromId" />
        <result column="to_id" property="toId" />
        <result column="remark" property="remark" />
        <result column="read_status" property="readStatus" />
        <result column="add_source" property="addSource" />
        <result column="add_wording" property="addWording" />
        <result column="approve_status" property="approveStatus" />
        <result column="sequence" property="sequence" />
    </resultMap>

</mapper>
