<?xml version="1.0" encoding="UTF-8"?>
<!DOCTYPE mapper PUBLIC "-//mybatis.org//DTD Mapper 3.0//EN" "http://mybatis.org/dtd/mybatis-3-mapper.dtd">
<mapper namespace="com.wb.imall.service.mapper.FriendshipDao">

    <!-- 通用查询映射结果 -->
    <resultMap id="BaseResultMap" type="com.wb.imall.service.entity.FriendshipEntity">
        <result column="id" property="id" />
        <result column="creation_time" property="creationTime" />
        <result column="update_time" property="updateTime" />
        <result column="is_deleted" property="isDeleted" />
        <result column="app_id" property="appId" />
        <result column="from_id" property="fromId" />
        <result column="to_id" property="toId" />
        <result column="remark" property="remark" />
        <result column="status" property="status" />
        <result column="black" property="black" />
        <result column="create_time" property="createTime" />
        <result column="friend_sequence" property="friendSequence" />
        <result column="black_sequence" property="blackSequence" />
        <result column="add_source" property="addSource" />
        <result column="extra" property="extra" />
    </resultMap>

</mapper>
