<?xml version="1.0" encoding="UTF-8"?>
<!DOCTYPE mapper PUBLIC "-//mybatis.org//DTD Mapper 3.0//EN" "http://mybatis.org/dtd/mybatis-3-mapper.dtd">
<mapper namespace="com.wb.imall.service.mapper.UserDataDto">

    <!-- 通用查询映射结果 -->
    <resultMap id="BaseResultMap" type="com.wb.imall.service.entity.UserDataEntity">
        <result column="id" property="id" />
        <result column="is_deleted" property="isDeleted" />
        <result column="creation_time" property="creationTime" />
        <result column="update_time" property="updateTime" />
        <result column="user_id" property="userId" />
        <result column="app_id" property="appId" />
        <result column="nick_name" property="nickName" />
        <result column="password" property="password" />
        <result column="photo" property="photo" />
        <result column="user_sex" property="userSex" />
        <result column="birth_day" property="birthDay" />
        <result column="location" property="location" />
        <result column="self_signature" property="selfSignature" />
        <result column="friend_allow_type" property="friendAllowType" />
        <result column="forbidden_flag" property="forbiddenFlag" />
        <result column="disable_add_friend" property="disableAddFriend" />
        <result column="silent_flag" property="silentFlag" />
        <result column="user_type" property="userType" />
        <result column="extra" property="extra" />
    </resultMap>

</mapper>
